{
  "formatVersion": 1,
  "database": {
    "version": 2,
    "identityHash": "3e9e8d1fbcdee4e6a04b8662d45f095a",
    "entities": [
      {
        "tableName": "Filme",
        "createSql": "CREATE TABLE IF NOT EXISTS `${TABLE_NAME}` (`id` INTEGER PRIMARY KEY AUTOINCREMENT NOT NULL, `titulo` TEXT NOT NULL, `categoria` TEXT, `prioridade` INTEGER NOT NULL, `classificacao` INTEGER NOT NULL, `status` INTEGER)",
        "fields": [
          {
            "fieldPath": "id",
            "columnName": "id",
            "affinity": "INTEGER",
            "notNull": true
          },
          {
            "fieldPath": "titulo",
            "columnName": "titulo",
            "affinity": "TEXT",
            "notNull": true
          },
          {
            "fieldPath": "categoria",
            "columnName": "categoria",
            "affinity": "TEXT",
            "notNull": false
          },
          {
            "fieldPath": "prioridade",
            "columnName": "prioridade",
            "affinity": "INTEGER",
            "notNull": true
          },
          {
            "fieldPath": "classificacao",
            "columnName": "classificacao",
            "affinity": "INTEGER",
            "notNull": true
          },
          {
            "fieldPath": "status",
            "columnName": "status",
            "affinity": "INTEGER",
            "notNull": false
          }
        ],
        "primaryKey": {
          "autoGenerate": true,
          "columnNames": [
            "id"
          ]
        },
        "indices": [
          {
            "name": "index_Filme_titulo",
            "unique": false,
            "columnNames": [
              "titulo"
            ],
            "orders": [],
            "createSql": "CREATE INDEX IF NOT EXISTS `index_Filme_titulo` ON `${TABLE_NAME}` (`titulo`)"
          }
        ],
        "foreignKeys": []
      }
    ],
    "views": [],
    "setupQueries": [
      "CREATE TABLE IF NOT EXISTS room_master_table (id INTEGER PRIMARY KEY,identity_hash TEXT)",
      "INSERT OR REPLACE INTO room_master_table (id,identity_hash) VALUES(42, '3e9e8d1fbcdee4e6a04b8662d45f095a')"
    ]
  }
}