{
  "formatVersion": 1,
  "database": {
    "version": 4,
    "identityHash": "e861caf5b46bc2d65d619ad97dec3341",
    "entities": [
      {
        "tableName": "Filme",
        "createSql": "CREATE TABLE IF NOT EXISTS `${TABLE_NAME}` (`id` INTEGER PRIMARY KEY AUTOINCREMENT NOT NULL, `titulo` TEXT NOT NULL, `categoria` TEXT, `prioridade` INTEGER NOT NULL, `classificacao` INTEGER NOT NULL, `status` INTEGER, `dataAssistido` INTEGER)",
        "fields": [
          {
            "fieldPath": "id",
            "columnName": "id",
            "affinity": "INTEGER",
            "notNull": true
          },
          {
            "fieldPath": "titulo",
            "columnName": "titulo",
            "affinity": "TEXT",
            "notNull": true
          },
          {
            "fieldPath": "categoria",
            "columnName": "categoria",
            "affinity": "TEXT",
            "notNull": false
          },
          {
            "fieldPath": "prioridade",
            "columnName": "prioridade",
            "affinity": "INTEGER",
            "notNull": true
          },
          {
            "fieldPath": "classificacao",
            "columnName": "classificacao",
            "affinity": "INTEGER",
            "notNull": true
          },
          {
            "fieldPath": "status",
            "columnName": "status",
            "affinity": "INTEGER",
            "notNull": false
          },
          {
            "fieldPath": "dataAssistido",
            "columnName": "dataAssistido",
            "affinity": "INTEGER",
            "notNull": false
          }
        ],
        "primaryKey": {
          "autoGenerate": true,
          "columnNames": [
            "id"
          ]
        },
        "indices": [
          {
            "name": "index_Filme_titulo",
            "unique": false,
            "columnNames": [
              "titulo"
            ],
            "orders": [],
            "createSql": "CREATE INDEX IF NOT EXISTS `index_Filme_titulo` ON `${TABLE_NAME}` (`titulo`)"
          }
        ],
        "foreignKeys": []
      },
      {
        "tableName": "Anotacao",
        "createSql": "CREATE TABLE IF NOT EXISTS `${TABLE_NAME}` (`id` INTEGER PRIMARY KEY AUTOINCREMENT NOT NULL, `idFilme` INTEGER NOT NULL, `diaHoraCriacao` INTEGER NOT NULL, `texto` TEXT NOT NULL, FOREIGN KEY(`idFilme`) REFERENCES `Filme`(`id`) ON UPDATE NO ACTION ON DELETE CASCADE )",
        "fields": [
          {
            "fieldPath": "id",
            "columnName": "id",
            "affinity": "INTEGER",
            "notNull": true
          },
          {
            "fieldPath": "idFilme",
            "columnName": "idFilme",
            "affinity": "INTEGER",
            "notNull": true
          },
          {
            "fieldPath": "diaHoraCriacao",
            "columnName": "diaHoraCriacao",
            "affinity": "INTEGER",
            "notNull": true
          },
          {
            "fieldPath": "texto",
            "columnName": "texto",
            "affinity": "TEXT",
            "notNull": true
          }
        ],
        "primaryKey": {
          "autoGenerate": true,
          "columnNames": [
            "id"
          ]
        },
        "indices": [
          {
            "name": "index_Anotacao_diaHoraCriacao",
            "unique": false,
            "columnNames": [
              "diaHoraCriacao"
            ],
            "orders": [],
            "createSql": "CREATE INDEX IF NOT EXISTS `index_Anotacao_diaHoraCriacao` ON `${TABLE_NAME}` (`diaHoraCriacao`)"
          }
        ],
        "foreignKeys": [
          {
            "table": "Filme",
            "onDelete": "CASCADE",
            "onUpdate": "NO ACTION",
            "columns": [
              "idFilme"
            ],
            "referencedColumns": [
              "id"
            ]
          }
        ]
      }
    ],
    "views": [],
    "setupQueries": [
      "CREATE TABLE IF NOT EXISTS room_master_table (id INTEGER PRIMARY KEY,identity_hash TEXT)",
      "INSERT OR REPLACE INTO room_master_table (id,identity_hash) VALUES(42, 'e861caf5b46bc2d65d619ad97dec3341')"
    ]
  }
}